1	1ST ENTERPRISE BANK	LOS ANGELES,CA		FEBKUS6LXXX
2	1ST UNITED BANK	BOCA RATON,FL		HEMSUS3MXXX
3	ABACUS FEDERAL SAVINGS BANK	NEW YORK,NY		AFSBUS33XXX
4	ABBEY NATIONAL SECURITIES INC.	STAMFORD,CT		ANSSUS33XXX
5	ABBEY NATIONAL TREASURY SERVICES LTD US BRANCH	STAMFORD,CT		ANTSUS33XXX
6	ABERCROMBIE AND FITCH CO.	NEW ALBANY,OH		ANFCUS33XXX
7	ABN AMRO CAPITAL USA LLC	NEW YORK,NY		FTSBUS33XXX
8	ABU DHABI INTERNATIONAL BANK INC.	WASHINGTON,DC		ADIBUS33XXX
9	ACI CAPITAL GROUP, LLC	NEW YORK,NY		ACIXUS33XXX
10	ACUPAY SYSTEM LLC	NEW YORK,NY		ACPYUS33XXX
11	ADP CLEARING AND OUTSOURCING SERVICES INC.	NEW YORK,NY		ADPCUS33XXX
12	ADP GLOBAL PROXY SERVICES	EDGEWOOD,NY		ADPGUS33XXX
13	AEGON USA INVESTMENT MANAGEMENT, LLC	CEDAR RAPIDS,IA		AEGUUS44XXX
14	AGILENT TECHNOLOGIES, INC	SANTA CLARA,CA		AGILUS6SXXX
15	AGRICULTURAL BANK OF CHINA NEW YORK BRANCH	NEW YORK,NY		ABOCUS33XXX
16	AIB BANK	NEW YORK,NY	(TREASURY DEPT)	AIBKUS3TTMK
17	AIB BANK	NEW YORK,NY		AIBKUS33XXX
18	AIB BANK	NEW YORK,NY		AIBKUS3TXXX
19	AIG FINANCIAL PRODUCTS CORP.	WILTON,CT		AIGFUS33XXX
20	AIG INTERNATIONAL INC.	WILTON,CT		AIGIUS33XXX
21	ALCOA INC.	PITTSBURGH,PA		ALUMUS33XXX
22	ALLY FINANCIAL INC	CHARLOTTE,NC	(ALLY FINANCIAL INC)	ALYIUS33INC
23	ALLY FINANCIAL INC	CHARLOTTE,NC	(QUANTUM)	ALYIUS33QTM
24	ALLY FINANCIAL INC	CHARLOTTE,NC	(SIERRA)	ALYIUS33SER
25	ALLY FINANCIAL INC	DETROIT,MI		ALYIUS33XXX
26	ALOSTAR BANK OF COMMERCE	BIRMINGHAM,AL		ALOEUS44XXX
27	ALTICOR INC	ADA,MI		AMWYUS33XXX
28	AMB PROPERTY, L.P.	SAN FRANCISCO,CA		AMBCUS6LXXX
29	AMEGY BANK N.A.	HOUSTON,TX		SWBKUS44XXX
30	AMERICAN BUSINESS BANK	LOS ANGELES,CA		ACBBUS6LXXX
31	AMERICAN EXPRESS TRAVEL RELATED SERVICES CO.,INC. (TRAVELERS CHEQUE OPER.CTR.)	SALT LAKE CITY,UT		AETCUS55XXX
32	AMERICAN FIRST NATIONAL BANK	HOUSTON,TX		AFNBUS4HXXX
33	AMERICAN INTERNATIONAL GROUP	JERSEY CITY,NJ		AIGXUS33XXX
34	AMERICAN INTERNATIONAL GROUP GLOBAL INVESTMENT GROUP	NEW YORK,NY	(AIM/POMS SERVICE)	AGIGUS3WXXX
35	AMERICAN INTERNATIONAL GROUP GLOBAL INVESTMENT GROUP	NEW YORK,NY		AGIGUS33XXX
36	AMERICAN INTERNATIONAL GROUP GLOBAL INVESTMENT GROUP	WILTON,CT	(MARKETS INC)	AGIGUS33MKT
37	AMERICAN PERSPECTIVE BANK	SAN LUIS OBISPO,CA		APBAUS6LXXX
38	APOLLO BANK	MIAMI,FL		UCBMUS3MXXX
39	ARAB BANKING CORPORATION	NEW YORK,NY		ABCOUS33XXX
40	ARES MANAGEMENT LLC	LOS ANGELES,CA		ARNLUS66XXX
41	ARVEST BANK	TULSA,OK		ARVTUS44XXX
42	ASSOCIATED BANK GREEN BAY N.A.	GREEN BAY,WI		ABGBUS44XXX
43	ASSOCIATED FOREIGN EXCHANGE, INC	ENCINO,CA		AFEIUS6LXXX
44	ATLANTIC CENTRAL BANKERS BANK	CAMP HILL,PA		ATLCUS33XXX
45	AUSTRALIA AND NEW ZEALAND BANKING GROUP LTD.	NEW YORK,NY		ANZBUS33XXX
46	AVERY DENNISON CORPORATION	PASADENA,CA		AVERUS66XXX
47	AVM L.P.	BOCA RATON,FL		IIIAUS33XXX
48	BAC FLORIDA BANK	MIAMI,FL		BFLBUS3MXXX
49	BAIN AND COMPANY INC	BOSTON,MA		BAOYUS33XXX
50	BAKER HUGHES INCORPORATED	HOUSTON,TX		BHICUS44XXX
51	BANAMEX USA	LOS ANGELES,CA		CALCUS6LXXX
52	BANCA IMI SECURITIES CORP.	NEW YORK,NY		BIMIUS33XXX
53	BANCFIRST	OKLAHOMA CITY,OK		BFOKUS44XXX
54	BANCO BILBAO VIZCAYA ARGENTARIA, NEW YORK	NEW YORK,NY	(GC BRANCH)	BBVAUS33GCI
55	BANCO BILBAO VIZCAYA ARGENTARIA, NEW YORK	NEW YORK,NY	(INTERNATIONAL BANKING FACILITIES DEPARTMENT)	BBVAUS33IBF
56	BANCO BILBAO VIZCAYA ARGENTARIA, NEW YORK	NEW YORK,NY		BBVAUS33XXX
57	BANCO BRADESCO S.A.	NEW YORK,NY		BBDEUS33XXX
58	BANCO DAVIVIENDA S.A.	MIAMI,FL		CAFEUS3MXXX
59	BANCO DE BOGOTA, MIAMI AGENCY	MIAMI,FL		BBOGUS3MXXX
60	BANCO DE CREDITO DEL PERU – MIAMI AGENCY	CORAL GABLES,FL		BCPLUS33XXX
61	BANCO DE CREDITO E INVERSIONES, MIAMI BRANCH	MIAMI,FL		CREDUS3MXXX
62	BANCO DE LA NACION ARGENTINA	NEW YORK,NY		NACNUS33XXX
63	BANCO DE LA NACION ARGENTINA, MIAMI BRANCH	MIAMI,FL		NACNUS3MXXX
64	BANCO DE LA REPUBLICA ORIENTAL DEL URUGUAY	NEW YORK,NY		BROUUS33XXX
65	BANCO DE SABADELL, S.A.	MIAMI,FL		BSABUS3XXXX
66	BANCO DEL PICHINCHA – MIAMI AGENCY	MIAMI,FL		PICHUS3MXXX
67	BANCO DO BRASIL S.A	MIAMI,FL		BRASUS3MXXX
68	BANCO DO BRASIL S.A	NEW YORK,NY		BRASUS33XXX
69	BANCO DO ESTADO DO RIO GRANDE DO SUL-MIAMI BRANCH	MIAMI,FL		BRGSUS33XXX
70	BANCO ESPANOL DE CREDITO	NEW YORK,NY		ESPCUS3NXXX
71	BANCO ESPIRITO SANTO	NEW YORK,NY		BESCUS33XXX
72	BANCO ESPIRITO SANTO DE INVESTIMENTO, S.A.	NEW YORK,NY		ESSIUS3NXXX
73	BANCO ESTADO DE CHILE NEW YORK BRANCH.	NEW YORK,NY		BECHUS33XXX
74	BANCO INDUSTRIAL DE VENEZUELA	NEW YORK,NY		INDSUS33XXX
75	BANCO INDUSTRIAL DE VENEZUELA, C.A. MIAMI AGENCY	MIAMI,FL		INDSUS3MXXX
76	BANCO INTERNACIONAL DE COSTA RICA, MIAMI AGENCY	CORAL GABLES,FL		COSRUS3MXXX
77	BANCO ITAU EUROPA INTERNATIONAL	MIAMI,FL		ITAUUS3MXXX
78	BANCO LATINOAMERICANO DE COMERCIO EXTERIOR S.A.	NEW YORK,NY		BLAEUS3XXXX
79	BANCO SANTANDER INTERNATIONAL	MIAMI,FL		BDERUS3MXXX
80	BANCO SANTANDER S.A. NEW YORK	NEW YORK,NY	(NEW YORK BRANCH)	BSCHUS33XXX
81	BANCOLOMBIA S.A. MIAMI AGENCY	MIAMI,FL		COLOUS33XXX
82	BANCOMER TRANSFER SERVICES INC.	HOUSTON,TX	(BANCOMER FOREIGN EXCHANGE)	BTSIUS44BFX
83	BANCOMER TRANSFER SERVICES INC.	HOUSTON,TX	(BANCOMER TRANSFER SERVICES)	BTSIUS44BTS
84	BANCOMER TRANSFER SERVICES INC.	HOUSTON,TX		BTSIUS44XXX
85	BANESCO USA	CORAL GABLES,FL		BBUBUS33XXX
86	BANGKOK BANK PUBLIC COMPANY LIMITED, NEW YORK	NEW YORK,NY		BKKBUS33XXX
87	BANGOR SAVINGS BANK	BANGOR,ME		BSMEUS33XXX
88	BANK HAPOALIM B.M.	CHICAGO,IL		POALUS33CHG
89	BANK HAPOALIM B.M.	MIAMI,FL	(MIAMI BRANCH)	POALUS33MIA
90	BANK HAPOALIM B.M.	NEW YORK,NY		POALUS33XXX
91	BANK HAPOALIM B.M.	WASHINGTON,DC	(GEORGETOWN BRANCH)	POALUS33GTN
92	BANK LEUMI USA	CHICAGO,IL		LUMIUS3NCHI
93	BANK LEUMI USA	LOS ANGELES,CA		LUMIUS3NLAX
94	BANK LEUMI USA	MIAMI,FL	(MIAMI BRANCH)	LUMIUS3NMIA
95	BANK LEUMI USA	NEW YORK,NY		LUMIUS3NXXX
96	BANK NEGARA INDONESIA (PERSERO) PT., NEW YORK AGENCY	NEW YORK,NY		BNINUS33XXX
97	BANK OF AMERICA, N.A.	CHARLOTTE,NC	(BANK OF AMERICA SECURITIES AUSTRALIA LIMITED, BAS AUSTRALIA)	BOFAUS3DAU2
98	BANK OF AMERICA, N.A.	CHARLOTTE,NC	(BANK OF AMERICA SINGAPORE LIMITED BASL ACU)	BOFAUS3DSG3
99	BANK OF AMERICA, N.A.	CHARLOTTE,NC	(BANK OF AMERICA SINGAPORE LIMITED)	BOFAUS3DSG2
100	BANK OF AMERICA, N.A.	CHARLOTTE,NC	(BANK OF AMERICA, AUSTRALIA BRANCH)	BOFAUS3DAUS
101	BANK OF AMERICA, N.A.	CHARLOTTE,NC	(BANK OF AMERICA, HONG KONG BRANCH)	BOFAUS3DHK2
102	BANK OF AMERICA, N.A.	CHARLOTTE,NC	(BANK OF AMERICA, HONG KONG BRANCH)	BOFAUS3DHKG
103	BANK OF AMERICA, N.A.	CHARLOTTE,NC	(BANK OF AMERICA, MUMBAI BRANCH)	BOFAUS3DIND
104	BANK OF AMERICA, N.A.	CHARLOTTE,NC	(BANK OF AMERICA, SEOUL BRANCH)	BOFAUS3DKOR
105	BANK OF AMERICA, N.A.	CHARLOTTE,NC	(BANK OF AMERICA, SINGAPORE BRANCH)	BOFAUS3DSIG
106	BANK OF AMERICA, N.A.	CHARLOTTE,NC	(BANK OF AMERICA, TAIPEI BRANCH)	BOFAUS3DTAI
107	BANK OF AMERICA, N.A.	CHARLOTTE,NC	(BANK OF AMERICA, TOKYO BRANCH)	BOFAUS3DJAP
108	BANK OF AMERICA, N.A.	CHARLOTTE,NC	(BANK OF AMERICA,SINGAPORE BRANCH ACU)	BOFAUS3DSG4
109	BANK OF AMERICA, N.A.	CHARLOTTE,NC	(COMMERCIAL CONDUIT BUSINESS)	BOFAUS3DCCD
110	BANK OF AMERICA, N.A.	CHARLOTTE,NC	(FIXED INCOME DEBT SETTLEMENTS)	BOFAUS6SBND
111	BANK OF AMERICA, N.A.	CHARLOTTE,NC	(GLOBAL DERIVATIVE SETTLEMENTS)	BOFAUS6SGDS
112	BANK OF AMERICA, N.A.	CHARLOTTE,NC	(OTC DERIVATIVES)	BOFAUS3DCRD
113	BANK OF AMERICA, N.A.	CHARLOTTE,NC	(PRECIOUS METALS)	BOFAUS6SMET
114	BANK OF AMERICA, N.A.	CHARLOTTE,NC	(TREASURY)	BOFAUS3DTSY
115	BANK OF AMERICA, N.A.	CHARLOTTE,NC		BOFAUS3DSHA
116	BANK OF AMERICA, N.A.	MIAMI,FL		BOFAUS3MXXX
117	BANK OF AMERICA, N.A.	NEW YORK,NY	(NY/DEPT EQUITY DERIVATIVES)	BOFAUS3DEQN
118	BANK OF AMERICA, N.A.	NEW YORK,NY	(WIRE TRANSFER INQUIRY)	BOFAUS3NINQ
119	BANK OF AMERICA, N.A.	NEW YORK,NY		BOFAUS3NXXX
120	BANK OF AMERICA, N.A.	SAN FRANCISCO,CA	(INTL GLOBAL CURRENCIES)	BOFAUS6SIGC
121	BANK OF AMERICA, N.A.	SAN FRANCISCO,CA	(MONEY TRANSFER INQUIRIES)	BOFAUS6SINQ
122	BANK OF AMERICA, N.A.	SAN FRANCISCO,CA	(U.S. FOREIGN EXCHANGE)	BOFAUS6SSFX
123	BANK OF AMERICA, N.A.	SAN FRANCISCO,CA		BOFAUS6HXXX
124	BANK OF AMERICA, N.A.	SAN FRANCISCO,CA		BOFAUS6NGFX
125	BANK OF AMERICA, N.A.	SAN FRANCISCO,CA		BOFAUS6NXXX
126	BANK OF AMERICA, N.A.	SAN FRANCISCO,CA		BOFAUS6SFCD
127	BANK OF AMERICA, N.A.	SAN FRANCISCO,CA		BOFAUS6SGCI
128	BANK OF AMERICA, N.A.	SAN FRANCISCO,CA		BOFAUS6SIPB
129	BANK OF AMERICA, N.A.	SAN FRANCISCO,CA		BOFAUS6SXXX
130	BANK OF BARODA	NEW YORK,NY		BARBUS33XXX
131	BANK OF CHINA	CHICAGO,IL	(CHICAGO BRANCH)	BKCHUS33CHI
132	BANK OF CHINA	LOS ANGELES,CA	(LOS ANGELES BRANCH)	BKCHUS33LAX
133	BANK OF CHINA	NEW YORK,NY	(NEW YORK BRANCH – CHINATOWN)	BKCHUS33CTX
134	BANK OF CHINA	NEW YORK,NY		BKCHUS33XXX
135	BANK OF COMMUNICATIONS	NEW YORK,NY		COMMUS33XXX
136	BANK OF COMMUNICATIONS CO. LTD SAN FRANCISCO BRANCH	SAN FRANCISCO,CA		COMMUS66XXX
137	BANK OF EAST ASIA LIMITED, THE, NEW YORK BRANCH	NEW YORK,NY		BEASUS33XXX
138	BANK OF EAST ASIA(USA) NA	NEW YORK,NY		BEAKUS33XXX
139	BANK OF HAWAII	HONOLULU,HI		BOHIUS77XXX
140	BANK OF HOUSTON	HOUSTON,TX		HOUSUS44XXX
141	BANK OF INDIA, NEW YORK BRANCH	NEW YORK,NY		BKIDUS33XXX
142	BANK OF INDIA, NEW YORK BRANCH	SAN FRANCISCO,CA		BKIDUS33SFA
143	BANK OF IRELAND GLOBAL MARKET US	STAMFORD,CT		BOFIUS33XXX
144	BANK OF MONTREAL	CHICAGO,IL		BOFMUS4XXXX
145	BANK OF NOVA SCOTIA	NEW YORK,NY		NOSCUS33GSL
146	BANK OF NOVA SCOTIA	NEW YORK,NY		NOSCUS33XXX
147	BANK OF NOVA SCOTIA MIAMI AGENCY	MIAMI,FL		NOSCUS3MXXX
148	BANK OF SCOTLAND	NEW YORK,NY		BOFSUS33XXX
149	BANK OF SCOTLAND, NEW YORK	NEW YORK,NY	(TREASURY)	BOFSUS3NXXX
150	BANK OF TAIWAN	LOS ANGELES,CA		BKTWUS6LXXX
151	BANK OF TAIWAN, NEW YORK BRANCH	NEW YORK,NY		BKTWUS33XXX
152	BANK OF THE ORIENT	SAN FRANCISCO,CA		BOFOUS6LXXX
153	BANK OF THE WEST	MONTEREY PARK,CA	(LOS ANGELES/DOCUMENTARY CREDITS AND COLLECTIONS)	BWSTUS66LAX
154	BANK OF THE WEST	SAN FRANCISCO,CA		BWSTUS66XXX
155	BANK OF TOKYO-MITSUBISHI UFJ, LTD., THE	CHICAGO,IL	(CHICAGO BRANCH)	BOTKUS4CXXX
156	BANK OF TOKYO-MITSUBISHI UFJ, LTD., THE	LOS ANGELES,CA	(LOS ANGELES BRANCH)	BOTKUS6LXXX
157	BANK OF TOKYO-MITSUBISHI UFJ, LTD., THE	NEW YORK,NY	(NEW YORK BRANCH)	BOTKUS33XXX
158	BANK OF TOKYO-MITSUBISHI UFJ, LTD., THE	SAN FRANCISCO,CA	(SAN FRANCISCO BRANCH)	BOTKUS6SXXX
159	BANK RAKYAT INDONESIA	NEW YORK,NY		BRINUS33XXX
160	BANK SINOPAC	LOS ANGELES,CA		SINOUS6LXXX
161	BANK UNITED	MIAMI LAKES,FL		BUFBUS3MXXX
162	BANKASIANA	PALISADES PARK,NJ		BAKNUS33XXX
163	BANKERS’ BANK	MADISON,WI		BBWIUS44XXX
164	BANKERS’ BANK NORTHEAST	GLASTONBURY,CT		NORHUS33XXX
165	BANKERS TRUST COMPANY	DES MOINES,IA		BTCDUS44XXX
166	BANKIA S.A., MIAMI AGENCY	MIAMI,FL		CAHMUS3MXXX
167	BARCLAYS BANK PLC	MIAMI,FL		BARCUS3MXXX
168	BARCLAYS BANK PLC	NEW YORK,NY		BARCUS33XXX
169	BARCLAYS CAPITAL	WHIPPANY,NJ		BARCUS3BXXX
170	BAXTER HEALTHCARE CORPORATION	DEERFIELD,IL		BXTRUS4DXXX
171	BAYERISCHE LANDESBANK	NEW YORK,NY	(INTERNATIONAL BANKING FACILITY)	BYLAUS33IBF
172	BAYERISCHE LANDESBANK	NEW YORK,NY		BYLAUS33NYC
173	BAYERISCHE LANDESBANK	NEW YORK,NY		BYLAUS33XXX
174	BBCN BANK (FORMERLY CENTER BANK)	LOS ANGELES,CA		CCEBUS6LXXX
175	BBCN BANK (FORMERLY NARA BANK)	FORT LEE,NJ	(EASTERN REGION)	NARAUS6L010
176	BBCN BANK (FORMERLY NARA BANK)	LOS ANGELES,CA	(WIRE DEPARTMENT)	NARAUS6L090
177	BBCN BANK (FORMERLY NARA BANK)	LOS ANGELES,CA		NARAUS6LXXX
178	BBCN BANK (FORMERLY NARA BANK)	SUNNYVALE,CA		NARAUS6L005
179	BBVA BANCOMER, S.A. HOUSTON	HOUSTON,TX		BCMRUS4HXXX
180	BBVA SECURITIES INC.	NEW YORK,NY		BBVAUS3SXXX
181	BENEFIT TRUST COMPANY	OVERLAND PARK,KS		BTCOUS44XXX
182	BESSEMER TRUST COMPANY, N.A.	WOODBRIDGE,NJ		TCBEUS33XXX
183	BGC FINANCIAL LP	NEW YORK,NY		BGCFUS33XXX
184	BINGHAM MCCUTCHEN LLP	BOSTON,MA		BINGUS3BXXX
185	BLACKROCK FINANCIAL MANAGEMENT INC.	NEW YORK,NY		BLKSUS33XXX
186	BLACKROCK INSTITUTIONAL TRUST COMPANY, N.A.	SAN FRANCISCO,CA		BGIAUS6SXXX
187	BLACKSTONE ADVISORY PARTNERS LP	NEW YORK,NY		BXGRUS33LDN
188	BLACKSTONE ADVISORY PARTNERS LP	NEW YORK,NY		BXGRUS33SIN
189	BLACKSTONE ADVISORY PARTNERS LP	NEW YORK,NY		BXGRUS33XXX
190	BLOOMBERG TRADEBOOK LLC	NEW YORK,NY		TBUSUS33XXX
191	BLUE RIDGE CAPITAL LLC	NEW YORK,NY		BLURUS33XXX
192	BMC SOFTWARE, INC.	HOUSTON,TX		BMCSUS44XXX
193	BMO CAPITAL MARKETS CORP	NEW YORK,NY		NETHUS33XXX
194	BMO HARRIS BANK N.A.	CHICAGO,IL	(GLOBAL TREASURY MGMT)	HATRUS44GTM
195	BMO HARRIS BANK N.A.	CHICAGO,IL		HATRUS44XXX
196	BMO HARRIS BANK N.A. (FORMERLY MARSHALL AND ILSLEY TRUST COMPANY)	MILWAUKEE,WI		MITNUS44XXX
197	BMO HARRIS BANK N.A. FORMERLY KNOWN AS M AND I BANK	MILWAUKEE,WI		MARLUS44XXX
198	BNP PARIBAS	JERSEY CITY,NJ		GEBAUS33XXX
199	BNP PARIBAS HOUSTON	HOUSTON,TX		BNPAUS4HXXX
200	BNP PARIBAS MIAMI	MIAMI,FL		BNPAUS3MXXX
201	BNP PARIBAS PRIME BROKERAGE INC.	NEW YORK,NY	(DOMESTIC SETTLEMENTS)	BNPAUS3PDOM
202	BNP PARIBAS PRIME BROKERAGE INC.	NEW YORK,NY	(GLOBAL PRIME BROKERAGE OPS – GPB)	BNPAUS3PGPB
203	BNP PARIBAS PRIME BROKERAGE INC.	NEW YORK,NY	(GLOBAL PRIME BROKERAGE OPS – NYB)	BNPAUS3PNYB
204	BNP PARIBAS PRIME BROKERAGE INC.	NEW YORK,NY	(GLOBAL PRIME BROKERAGE OPS – SLAB)	BNPAUS3PSLB
205	BNP PARIBAS PRIME BROKERAGE INC.	NEW YORK,NY	(INTERNATIONAL SETTLEMENTS)	BNPAUS3PINT
206	BNP PARIBAS PRIME BROKERAGE INC.	NEW YORK,NY	(PRIME BROKERAGE CUSTODIAN)	BNPAUS3PCUS
207	BNP PARIBAS PRIME BROKERAGE INC.	NEW YORK,NY	(PRIME BROKERAGE SERVICES)	BNPAUS3PPBS
208	BNP PARIBAS PRIME BROKERAGE INC.	NEW YORK,NY		BNPAUS3PXXX
209	BNP PARIBAS SECURITIES CORPORATION	KING OF PRUSSIA,PA	(INTERNATIONAL)	BNPAUS3CINT
210	BNP PARIBAS SECURITIES CORPORATION	KING OF PRUSSIA,PA		BNPAUS3CADV
211	BNP PARIBAS SECURITIES CORPORATION	KING OF PRUSSIA,PA		BNPAUS3CPFS
212	BNP PARIBAS SECURITIES CORPORATION	NEW YORK,NY		BNPAUS3CPBI
213	BNP PARIBAS SECURITIES CORPORATION	NEW YORK,NY		BNPAUS3CXXX
214	BNP PARIBAS U.S.A – NEW YORK BRANCH	JERSEY CITY,NJ	(BNP PARIBAS SECURITIES SERVICES)	BNPAUS3NB2S
215	BNP PARIBAS U.S.A – NEW YORK BRANCH	NEW YORK,NY	(BNP PARIBAS, S.A. DE C.V., SOFOM, E.N.R.)	BNPAUS3NSFM
216	BNP PARIBAS U.S.A – NEW YORK BRANCH	NEW YORK,NY	(FX PRIME BROKERAGE)	BNPAUS3NFXP
217	BNP PARIBAS U.S.A – NEW YORK BRANCH	NEW YORK,NY	(PRIME BROKERAGE CUSTODIAN)	BNPAUS3NCUS
218	BNP PARIBAS U.S.A – NEW YORK BRANCH	NEW YORK,NY	(PRIME BROKERAGE SERVICES)	BNPAUS3NPBS
219	BNP PARIBAS U.S.A – NEW YORK BRANCH	NEW YORK,NY		BNPAUS3NXXX
220	BNP PARIBAS USA	CHICAGO,IL	(CHICAGO BRANCH)	BNPAUS44XXX
221	BNP PARIBAS USA	SAN FRANCISCO,CA	(SAN FRANCISCO BRANCH)	BNPAUS6SXXX
222	BNY CONVERGEX EXECUTION SOLUTIONS LLC	NEW YORK,NY		CVGXUS33XXX
223	BOFA ADVISORS, LLC	BOSTON,MA		BODLUS33XXX
224	BOKF, NA	OKLAHOMA CITY,OK		BAOKUS44OKC
225	BOKF, NA	TULSA,OK		BAOKUS44XXX
226	BOTTOMLINE TECHNOLOGIES (DE), INC.	PORTSMOUTH,NH		BOTOUS33XXX
227	BP CORPORATION NORTH AMERICA INC	INDIANAPOLIS,IN		BPUSUS33XXX
228	BPD BANK	NEW YORK,NY		BPIBUS33XXX
229	BRANCH BANKING AND TRUST CO.	GREENSBORO,NC		BRBTUS3XXXX
230	BRANCH BANKING AND TRUST COMPANY	GREENSBORO,NC		BRBTUS33XXX
231	BREMER BANK N.A.	LAKE ELMO,MN		BRFSUS4TXXX
232	BRIDGE BANK, NATIONAL ASSOCIATION	SAN JOSE,CA		BBFXUS6SXXX
233	BRIDGEWATER ASSOCIATES, LP	WESTPORT,CT		BWTRUS33XXX
234	BRISTOL MYER SQUIBB COMPANY	LAWRENCE VILLE,NJ		BMYPUS33XXX
235	BROWN ADVISORY INC.	BALTIMORE,MD		BROWUS32XXX
236	BROWN BROTHERS HARRIMAN AND CO.	BOSTON,MA		BBHCUS33BOS
237	BROWN BROTHERS HARRIMAN AND CO.	NEW YORK,NY		BBHCUS33XXX
238	BROWN BROTHERS HARRIMAN AND CO. INFOMEDIARY	BOSTON,MA	(INFOMEDIARY OUTSOURCE SERVICES)	BBHCUS3IART
239	BROWN BROTHERS HARRIMAN AND CO. INFOMEDIARY	BOSTON,MA	(INFOMEDIARY SERVICES DIVISION)	BBHCUS3INRI
240	BROWN BROTHERS HARRIMAN AND CO. INFOMEDIARY	BOSTON,MA	(INFOMEDIARY SERVICES DIVISION)	BBHCUS3IPIO
241	BROWN BROTHERS HARRIMAN AND CO. INFOMEDIARY	BOSTON,MA	(SERVICES DIVISION – TCM)	BBHCUS3ITCM
242	BROWN BROTHERS HARRIMAN AND CO. INFOMEDIARY	BOSTON,MA		BBHCUS3IFIV
243	BROWN BROTHERS HARRIMAN AND CO. INFOMEDIARY	BOSTON,MA		BBHCUS3IGME
244	BROWN BROTHERS HARRIMAN AND CO. INFOMEDIARY	BOSTON,MA		BBHCUS3IGMI
245	BROWN BROTHERS HARRIMAN AND CO. INFOMEDIARY	BOSTON,MA		BBHCUS3IGMQ
246	BROWN BROTHERS HARRIMAN AND CO. INFOMEDIARY	BOSTON,MA		BBHCUS3IIIM
247	BROWN BROTHERS HARRIMAN AND CO. INFOMEDIARY	BOSTON,MA		BBHCUS3IMGI
248	BROWN BROTHERS HARRIMAN AND CO. INFOMEDIARY	BOSTON,MA		BBHCUS3IMTA
249	BROWN BROTHERS HARRIMAN AND CO. INFOMEDIARY	BOSTON,MA		BBHCUS3INIM
250	BROWN BROTHERS HARRIMAN AND CO. INFOMEDIARY	NEW CITY,NY		BBHCUS3IWAM
251	BROWN BROTHERS HARRIMAN AND CO. INFOMEDIARY	NEW YORK,NY	(BBH PAS CLIENT 1 SERVICE)	BBHCUS3IPA1
252	BROWN BROTHERS HARRIMAN AND CO. INFOMEDIARY	NEW YORK,NY	(INFOMEDIARY OUTSOURCE SERVICES)	BBHCUS3IARI
253	BROWN BROTHERS HARRIMAN AND CO. INFOMEDIARY	NEW YORK,NY	(INFOMEDIARY OUTSOURCE SERVICES)	BBHCUS3IBAM
254	BROWN BROTHERS HARRIMAN AND CO. INFOMEDIARY	NEW YORK,NY	(INFOMEDIARY SERVICE DEVISION)	BBHCUS3ILNB
255	BROWN BROTHERS HARRIMAN AND CO. INFOMEDIARY	NEW YORK,NY	(INFOMEDIARY SERVICE DIVISION)	BBHCUS3IAIV
256	BROWN BROTHERS HARRIMAN AND CO. INFOMEDIARY	NEW YORK,NY	(INFOMEDIARY SERVICE DIVISION)	BBHCUS3ICHA
257	BROWN BROTHERS HARRIMAN AND CO. INFOMEDIARY	NEW YORK,NY	(INFOMEDIARY SERVICE DIVISION)	BBHCUS3ICSA
258	BROWN BROTHERS HARRIMAN AND CO. INFOMEDIARY	NEW YORK,NY	(INFOMEDIARY SERVICE DIVISION)	BBHCUS3IFSE
259	BROWN BROTHERS HARRIMAN AND CO. INFOMEDIARY	NEW YORK,NY	(INFOMEDIARY SERVICE DIVISION)	BBHCUS3IP16
260	BROWN BROTHERS HARRIMAN AND CO. INFOMEDIARY	NEW YORK,NY	(INFOMEDIARY SERVICE DIVISION)	BBHCUS3IP17
261	BROWN BROTHERS HARRIMAN AND CO. INFOMEDIARY	NEW YORK,NY	(INFOMEDIARY SERVICE DIVISION)	BBHCUS3IP21
262	BROWN BROTHERS HARRIMAN AND CO. INFOMEDIARY	NEW YORK,NY	(INFOMEDIARY SERVICE DIVISION)	BBHCUS3IP22
263	BROWN BROTHERS HARRIMAN AND CO. INFOMEDIARY	NEW YORK,NY	(INFOMEDIARY SERVICE DIVISION)	BBHCUS3IP23
264	BROWN BROTHERS HARRIMAN AND CO. INFOMEDIARY	NEW YORK,NY	(INFOMEDIARY SERVICE DIVISION)	BBHCUS3IP24
265	BROWN BROTHERS HARRIMAN AND CO. INFOMEDIARY	NEW YORK,NY	(INFOMEDIARY SERVICE DIVISION)	BBHCUS3IRAB
266	BROWN BROTHERS HARRIMAN AND CO. INFOMEDIARY	NEW YORK,NY	(INFOMEDIARY SERVICE DIVISION)	BBHCUS3IRMG
267	BROWN BROTHERS HARRIMAN AND CO. INFOMEDIARY	NEW YORK,NY	(INFOMEDIARY SERVICES DIVISION – CHH)	BBHCUS3ICHH
268	BROWN BROTHERS HARRIMAN AND CO. INFOMEDIARY	NEW YORK,NY	(INFOMEDIARY SERVICES DIVISION – JAN)	BBHCUS3IJAN
269	BROWN BROTHERS HARRIMAN AND CO. INFOMEDIARY	NEW YORK,NY	(INFOMEDIARY SERVICES DIVISION – MCKINLEY)	BBHCUS3IMCK
270	BROWN BROTHERS HARRIMAN AND CO. INFOMEDIARY	NEW YORK,NY	(INFOMEDIARY SERVICES DIVISION – RES)	BBHCUS3IRES
271	BROWN BROTHERS HARRIMAN AND CO. INFOMEDIARY	NEW YORK,NY	(INFOMEDIARY SERVICES DIVISION)	BBHCUS3IACN
272	BROWN BROTHERS HARRIMAN AND CO. INFOMEDIARY	NEW YORK,NY	(INFOMEDIARY SERVICES DIVISION)	BBHCUS3IAEW
273	BROWN BROTHERS HARRIMAN AND CO. INFOMEDIARY	NEW YORK,NY	(INFOMEDIARY SERVICES DIVISION)	BBHCUS3IAFP
274	BROWN BROTHERS HARRIMAN AND CO. INFOMEDIARY	NEW YORK,NY	(INFOMEDIARY SERVICES DIVISION)	BBHCUS3IAGB
275	BROWN BROTHERS HARRIMAN AND CO. INFOMEDIARY	NEW YORK,NY	(INFOMEDIARY SERVICES DIVISION)	BBHCUS3IAGN
276	BROWN BROTHERS HARRIMAN AND CO. INFOMEDIARY	NEW YORK,NY	(INFOMEDIARY SERVICES DIVISION)	BBHCUS3IAJP
277	BROWN BROTHERS HARRIMAN AND CO. INFOMEDIARY	NEW YORK,NY	(INFOMEDIARY SERVICES DIVISION)	BBHCUS3IALA
278	BROWN BROTHERS HARRIMAN AND CO. INFOMEDIARY	NEW YORK,NY	(INFOMEDIARY SERVICES DIVISION)	BBHCUS3IARS
279	BROWN BROTHERS HARRIMAN AND CO. INFOMEDIARY	NEW YORK,NY	(INFOMEDIARY SERVICES DIVISION)	BBHCUS3IASG
280	BROWN BROTHERS HARRIMAN AND CO. INFOMEDIARY	NEW YORK,NY	(INFOMEDIARY SERVICES DIVISION)	BBHCUS3IAUS
281	BROWN BROTHERS HARRIMAN AND CO. INFOMEDIARY	NEW YORK,NY	(INFOMEDIARY SERVICES DIVISION)	BBHCUS3IAXA
282	BROWN BROTHERS HARRIMAN AND CO. INFOMEDIARY	NEW YORK,NY	(INFOMEDIARY SERVICES DIVISION)	BBHCUS3IBAR
283	BROWN BROTHERS HARRIMAN AND CO. INFOMEDIARY	NEW YORK,NY	(INFOMEDIARY SERVICES DIVISION)	BBHCUS3IBFM
284	BROWN BROTHERS HARRIMAN AND CO. INFOMEDIARY	NEW YORK,NY	(INFOMEDIARY SERVICES DIVISION)	BBHCUS3ICNS
285	BROWN BROTHERS HARRIMAN AND CO. INFOMEDIARY	NEW YORK,NY	(INFOMEDIARY SERVICES DIVISION)	BBHCUS3ICSG
286	BROWN BROTHERS HARRIMAN AND CO. INFOMEDIARY	NEW YORK,NY	(INFOMEDIARY SERVICES DIVISION)	BBHCUS3IECL
287	BROWN BROTHERS HARRIMAN AND CO. INFOMEDIARY	NEW YORK,NY	(INFOMEDIARY SERVICES DIVISION)	BBHCUS3IFCM
288	BROWN BROTHERS HARRIMAN AND CO. INFOMEDIARY	NEW YORK,NY	(INFOMEDIARY SERVICES DIVISION)	BBHCUS3IIFI
289	BROWN BROTHERS HARRIMAN AND CO. INFOMEDIARY	NEW YORK,NY	(INFOMEDIARY SERVICES DIVISION)	BBHCUS3IIRN
290	BROWN BROTHERS HARRIMAN AND CO. INFOMEDIARY	NEW YORK,NY	(INFOMEDIARY SERVICES DIVISION)	BBHCUS3ILNS
291	BROWN BROTHERS HARRIMAN AND CO. INFOMEDIARY	NEW YORK,NY	(INFOMEDIARY SERVICES DIVISION)	BBHCUS3ILSV
292	BROWN BROTHERS HARRIMAN AND CO. INFOMEDIARY	NEW YORK,NY	(INFOMEDIARY SERVICES DIVISION)	BBHCUS3INFR
293	BROWN BROTHERS HARRIMAN AND CO. INFOMEDIARY	NEW YORK,NY	(INFOMEDIARY SERVICES DIVISION)	BBHCUS3INUV
294	BROWN BROTHERS HARRIMAN AND CO. INFOMEDIARY	NEW YORK,NY	(INFOMEDIARY SERVICES DIVISION)	BBHCUS3IOPS
295	BROWN BROTHERS HARRIMAN AND CO. INFOMEDIARY	NEW YORK,NY	(INFOMEDIARY SERVICES DIVISION)	BBHCUS3IP20
296	BROWN BROTHERS HARRIMAN AND CO. INFOMEDIARY	NEW YORK,NY	(INFOMEDIARY SERVICES DIVISION)	BBHCUS3IPCO
297	BROWN BROTHERS HARRIMAN AND CO. INFOMEDIARY	NEW YORK,NY	(INFOMEDIARY SERVICES DIVISION)	BBHCUS3IPPA
298	BROWN BROTHERS HARRIMAN AND CO. INFOMEDIARY	NEW YORK,NY	(INFOMEDIARY SERVICES DIVISION)	BBHCUS3IRIJ
299	BROWN BROTHERS HARRIMAN AND CO. INFOMEDIARY	NEW YORK,NY	(INFOMEDIARY SERVICES DIVISION)	BBHCUS3ISEI
300	BROWN BROTHERS HARRIMAN AND CO. INFOMEDIARY	NEW YORK,NY	(INFOMEDIARY SERVICES DIVISION)	BBHCUS3ITHB
301	BROWN BROTHERS HARRIMAN AND CO. INFOMEDIARY	NEW YORK,NY	(INFOMEDIARY SERVICES DIVISION)	BBHCUS3IVAM
302	BROWN BROTHERS HARRIMAN AND CO. INFOMEDIARY	NEW YORK,NY	(INFOMEDIARY SERVICES DIVISION-CCLA)	BBHCUS3ICCL
303	BROWN BROTHERS HARRIMAN AND CO. INFOMEDIARY	NEW YORK,NY	(INFOMEDIARY SERVICES DIVISION-TIM)	BBHCUS3ITIM
304	BROWN BROTHERS HARRIMAN AND CO. INFOMEDIARY	NEW YORK,NY	(SERVICE DIVISION – WEL)	BBHCUS3IWEL
305	BROWN BROTHERS HARRIMAN AND CO. INFOMEDIARY	NEW YORK,NY	(SERVICES DIVISION – ANI)	BBHCUS3IANI
306	BROWN BROTHERS HARRIMAN AND CO. INFOMEDIARY	NEW YORK,NY	(SERVICES DIVISION – AQR)	BBHCUS3IAQR
307	BROWN BROTHERS HARRIMAN AND CO. INFOMEDIARY	NEW YORK,NY	(SERVICES DIVISION – BGC)	BBHCUS3IBGC
308	BROWN BROTHERS HARRIMAN AND CO. INFOMEDIARY	NEW YORK,NY	(SERVICES DIVISION – BYS)	BBHCUS3IBYS
309	BROWN BROTHERS HARRIMAN AND CO. INFOMEDIARY	NEW YORK,NY	(SERVICES DIVISION – FII)	BBHCUS3IFII
310	BROWN BROTHERS HARRIMAN AND CO. INFOMEDIARY	NEW YORK,NY	(SERVICES DIVISION – FRS)	BBHCUS3IFRS
311	BROWN BROTHERS HARRIMAN AND CO. INFOMEDIARY	NEW YORK,NY	(SERVICES DIVISION – GSF)	BBHCUS3IGSF
312	BROWN BROTHERS HARRIMAN AND CO. INFOMEDIARY	NEW YORK,NY	(SERVICES DIVISION – ICN)	BBHCUS3IICN
313	BROWN BROTHERS HARRIMAN AND CO. INFOMEDIARY	NEW YORK,NY	(SERVICES DIVISION – IMS)	BBHCUS3IIMS
314	BROWN BROTHERS HARRIMAN AND CO. INFOMEDIARY	NEW YORK,NY	(SERVICES DIVISION – ING)	BBHCUS3IING
315	BROWN BROTHERS HARRIMAN AND CO. INFOMEDIARY	NEW YORK,NY	(SERVICES DIVISION – MAT)	BBHCUS3IMAT
316	BROWN BROTHERS HARRIMAN AND CO. INFOMEDIARY	NEW YORK,NY	(SERVICES DIVISION – MLIM EMEA)	BBHCUS3IMEA
317	BROWN BROTHERS HARRIMAN AND CO. INFOMEDIARY	NEW YORK,NY	(SERVICES DIVISION – NML)	BBHCUS3INML
318	BROWN BROTHERS HARRIMAN AND CO. INFOMEDIARY	NEW YORK,NY	(SERVICES DIVISION – NWD)	BBHCUS3INWD
319	BROWN BROTHERS HARRIMAN AND CO. INFOMEDIARY	NEW YORK,NY	(SERVICES DIVISION – P1)	BBHCUS3IP10
320	BROWN BROTHERS HARRIMAN AND CO. INFOMEDIARY	NEW YORK,NY	(SERVICES DIVISION – P11)	BBHCUS3IP11
321	BROWN BROTHERS HARRIMAN AND CO. INFOMEDIARY	NEW YORK,NY	(SERVICES DIVISION – P12)	BBHCUS3IP12
322	BROWN BROTHERS HARRIMAN AND CO. INFOMEDIARY	NEW YORK,NY	(SERVICES DIVISION – P4)	BBHCUS3IP04
323	BROWN BROTHERS HARRIMAN AND CO. INFOMEDIARY	NEW YORK,NY	(SERVICES DIVISION – P5)	BBHCUS3IP05
324	BROWN BROTHERS HARRIMAN AND CO. INFOMEDIARY	NEW YORK,NY	(SERVICES DIVISION – P6)	BBHCUS3IP06
325	BROWN BROTHERS HARRIMAN AND CO. INFOMEDIARY	NEW YORK,NY	(SERVICES DIVISION – P7)	BBHCUS3IP07
326	BROWN BROTHERS HARRIMAN AND CO. INFOMEDIARY	NEW YORK,NY	(SERVICES DIVISION – P8)	BBHCUS3IP08
327	BROWN BROTHERS HARRIMAN AND CO. INFOMEDIARY	NEW YORK,NY	(SERVICES DIVISION – P9)	BBHCUS3IP09
328	BROWN BROTHERS HARRIMAN AND CO. INFOMEDIARY	NEW YORK,NY	(SERVICES DIVISION – PIM BOS)	BBHCUS3IPIM
329	BROWN BROTHERS HARRIMAN AND CO. INFOMEDIARY	NEW YORK,NY	(SERVICES DIVISION – SKN)	BBHCUS3ISKN
330	BROWN BROTHERS HARRIMAN AND CO. INFOMEDIARY	NEW YORK,NY	(SERVICES DIVISION – SOP)	BBHCUS3ISOP
331	BROWN BROTHERS HARRIMAN AND CO. INFOMEDIARY	NEW YORK,NY	(SERVICES DIVISION – TAM)	BBHCUS3ITAM
332	BROWN BROTHERS HARRIMAN AND CO. INFOMEDIARY	NEW YORK,NY	(SERVICES DIVISION – TRC)	BBHCUS3ITRC
333	BROWN BROTHERS HARRIMAN AND CO. INFOMEDIARY	NEW YORK,NY	(SERVICES DIVISION-EFS)	BBHCUS3IEFS
334	BROWN BROTHERS HARRIMAN AND CO. INFOMEDIARY	NEW YORK,NY		BBHCUS3IASH
335	BROWN BROTHERS HARRIMAN AND CO. INFOMEDIARY	NEW YORK,NY		BBHCUS3IBIP
336	BROWN BROTHERS HARRIMAN AND CO. INFOMEDIARY	NEW YORK,NY		BBHCUS3IBLK
337	BROWN BROTHERS HARRIMAN AND CO. INFOMEDIARY	NEW YORK,NY		BBHCUS3IBRW
338	BROWN BROTHERS HARRIMAN AND CO. INFOMEDIARY	NEW YORK,NY		BBHCUS3IBSL
339	BROWN BROTHERS HARRIMAN AND CO. INFOMEDIARY	NEW YORK,NY		BBHCUS3ICCI
340	BROWN BROTHERS HARRIMAN AND CO. INFOMEDIARY	NEW YORK,NY		BBHCUS3ICSM
341	BROWN BROTHERS HARRIMAN AND CO. INFOMEDIARY	NEW YORK,NY		BBHCUS3IDEN
342	BROWN BROTHERS HARRIMAN AND CO. INFOMEDIARY	NEW YORK,NY		BBHCUS3IEMM
343	BROWN BROTHERS HARRIMAN AND CO. INFOMEDIARY	NEW YORK,NY		BBHCUS3IEPL
344	BROWN BROTHERS HARRIMAN AND CO. INFOMEDIARY	NEW YORK,NY		BBHCUS3IETC
345	BROWN BROTHERS HARRIMAN AND CO. INFOMEDIARY	NEW YORK,NY		BBHCUS3IFAC
346	BROWN BROTHERS HARRIMAN AND CO. INFOMEDIARY	NEW YORK,NY		BBHCUS3IFID
347	BROWN BROTHERS HARRIMAN AND CO. INFOMEDIARY	NEW YORK,NY		BBHCUS3IFIJ
348	BROWN BROTHERS HARRIMAN AND CO. INFOMEDIARY	NEW YORK,NY		BBHCUS3IFIL
349	BROWN BROTHERS HARRIMAN AND CO. INFOMEDIARY	NEW YORK,NY		BBHCUS3IFSC
350	BROWN BROTHERS HARRIMAN AND CO. INFOMEDIARY	NEW YORK,NY		BBHCUS3IGIA
351	BROWN BROTHERS HARRIMAN AND CO. INFOMEDIARY	NEW YORK,NY		BBHCUS3IGMA
352	BROWN BROTHERS HARRIMAN AND CO. INFOMEDIARY	NEW YORK,NY		BBHCUS3IHAN
353	BROWN BROTHERS HARRIMAN AND CO. INFOMEDIARY	NEW YORK,NY		BBHCUS3IHCM
354	BROWN BROTHERS HARRIMAN AND CO. INFOMEDIARY	NEW YORK,NY		BBHCUS3IICB
355	BROWN BROTHERS HARRIMAN AND CO. INFOMEDIARY	NEW YORK,NY		BBHCUS3IIM2
356	BROWN BROTHERS HARRIMAN AND CO. INFOMEDIARY	NEW YORK,NY		BBHCUS3IJNS
357	BROWN BROTHERS HARRIMAN AND CO. INFOMEDIARY	NEW YORK,NY		BBHCUS3IKCM
358	BROWN BROTHERS HARRIMAN AND CO. INFOMEDIARY	NEW YORK,NY		BBHCUS3ILMJ
359	BROWN BROTHERS HARRIMAN AND CO. INFOMEDIARY	NEW YORK,NY		BBHCUS3ILVA
360	BROWN BROTHERS HARRIMAN AND CO. INFOMEDIARY	NEW YORK,NY		BBHCUS3IMAM
361	BROWN BROTHERS HARRIMAN AND CO. INFOMEDIARY	NEW YORK,NY		BBHCUS3IMGZ
362	BROWN BROTHERS HARRIMAN AND CO. INFOMEDIARY	NEW YORK,NY		BBHCUS3INAM
363	BROWN BROTHERS HARRIMAN AND CO. INFOMEDIARY	NEW YORK,NY		BBHCUS3INMA
364	BROWN BROTHERS HARRIMAN AND CO. INFOMEDIARY	NEW YORK,NY		BBHCUS3IOFI
365	BROWN BROTHERS HARRIMAN AND CO. INFOMEDIARY	NEW YORK,NY		BBHCUS3IOPY
366	BROWN BROTHERS HARRIMAN AND CO. INFOMEDIARY	NEW YORK,NY		BBHCUS3IPFG
367	BROWN BROTHERS HARRIMAN AND CO. INFOMEDIARY	NEW YORK,NY		BBHCUS3IRCM
368	BROWN BROTHERS HARRIMAN AND CO. INFOMEDIARY	NEW YORK,NY		BBHCUS3IRIV
369	BROWN BROTHERS HARRIMAN AND CO. INFOMEDIARY	NEW YORK,NY		BBHCUS3IRMB
370	BROWN BROTHERS HARRIMAN AND CO. INFOMEDIARY	NEW YORK,NY		BBHCUS3ISAI
371	BROWN BROTHERS HARRIMAN AND CO. INFOMEDIARY	NEW YORK,NY		BBHCUS3ISCT
372	BROWN BROTHERS HARRIMAN AND CO. INFOMEDIARY	NEW YORK,NY		BBHCUS3ISTK
373	BROWN BROTHERS HARRIMAN AND CO. INFOMEDIARY	NEW YORK,NY		BBHCUS3ISTL
374	BROWN BROTHERS HARRIMAN AND CO. INFOMEDIARY	NEW YORK,NY		BBHCUS3ISYS
375	BROWN BROTHERS HARRIMAN AND CO. INFOMEDIARY	NEW YORK,NY		BBHCUS3ITAL
376	BROWN BROTHERS HARRIMAN AND CO. INFOMEDIARY	NEW YORK,NY		BBHCUS3ITIA
377	BROWN BROTHERS HARRIMAN AND CO. INFOMEDIARY	NEW YORK,NY		BBHCUS3ITSA
378	BROWN BROTHERS HARRIMAN AND CO. INFOMEDIARY	NEW YORK,NY		BBHCUS3ITSI
379	BROWN BROTHERS HARRIMAN AND CO. INFOMEDIARY	NEW YORK,NY		BBHCUS3ITSL
380	BROWN BROTHERS HARRIMAN AND CO. INFOMEDIARY	NEW YORK,NY		BBHCUS3ITSS
381	BROWN BROTHERS HARRIMAN AND CO. INFOMEDIARY	NEW YORK,NY		BBHCUS3ITWO
382	BROWN BROTHERS HARRIMAN AND CO. INFOMEDIARY	NEW YORK,NY		BBHCUS3IUAT
383	BROWN BROTHERS HARRIMAN AND CO. INFOMEDIARY	NEW YORK,NY		BBHCUS3IVON
384	BROWN BROTHERS HARRIMAN AND CO. INFOMEDIARY	NEW YORK,NY		BBHCUS3IWCM
385	BROWN BROTHERS HARRIMAN AND CO. INFOMEDIARY	NEW YORK,NY		BBHCUS3IWRF
386	BROWN BROTHERS HARRIMAN AND CO. INFOMEDIARY	NEW YORK,NY		BBHCUS3IWRM
387	BROWN BROTHERS HARRIMAN AND CO. INFOMEDIARY	NEW YORK,NY		BBHCUS3IXXX
388	BROWN BROTHERS HARRIMAN AND CO. INFOMEDIARY	NEWPORT,RI	(INFOMEDIARY SERVICES DIVISION)	BBHCUS3ILCM
389	BROWN BROTHERS HARRIMAN AND CO. INFOMEDIARY	SAN FRANCISCO,CA	(INFOMEDIARY SERVICES DIVISION)	BBHCUS3IACM
390	CADENCE BANK, N.A.	BIRMINGHAM,AL		CDBKUS44XXX
391	CAIXA GERAL DE DEPOSITOS, NEW YORK BRANCH	NEW YORK,NY		CGDIUS33XXX
392	CAJA DE AHORROS DE GALICIA	MIAMI,FL		CAGLUS3MXXX
393	CALIFORNIA BANK AND TRUST	LOS ANGELES,CA	(INTERNATIONAL BANKING GROUP)	CALBUS66LAX
394	CALIFORNIA BANK AND TRUST	LOS ANGELES,CA		CALBUS66XXX
395	CALIFORNIA PACIFIC BANK	SAN FRANCISCO,CA		CBNKUS6SXXX
396	CALIFORNIA REPUBLIC BANK	NEWPORT BEACH,CA		CRBKUS6LXXX
397	CAMBRIDGE SAVINGS BANK	CAMBRIDGE,MA		CABGUS33XXX
398	CAMPBELL SOUP COMPANY	CAMDEN,NJ		SOUPUS33XXX
399	CANADIAN IMPERIAL BANK OF COMMERCE	NEW YORK,NY	(INTERNATIONAL BANKING FACILITY)	CIBCUS33IBF
400	CANADIAN IMPERIAL BANK OF COMMERCE	NEW YORK,NY		CIBCUS33XXX
401	CANTOR FITZGERALD AND CO.	NEW YORK,NY	(BGC FINANCIAL LP)	CANFUS33FIN
402	CANTOR FITZGERALD AND CO.	NEW YORK,NY		CANFUS33CPB
403	CANTOR FITZGERALD AND CO.	NEW YORK,NY		CANFUS33ITD
404	CANTOR FITZGERALD AND CO.	NEW YORK,NY		CANFUS33XXX
405	CAPITAL GUARDIAN TRUST COMPANY	BREA,CA		CGTCUS66XXX
406	CAPITAL ONE, N.A.	NEW YORK,NY		NFBKUS33XXX
407	CAPITAL ONE,N.A.	NEW ORLEANS,LA		HIBKUS44XXX
408	CAPITAL RESEARCH AND MANAGEMENT COMPANY	BREA,CA		CRMCUS66XXX
409	CATERPILLAR INC.	PEORIA,IL		CTPLUS44XXX
410	CATHAY BANK	FLUSHING,NY	(NEW YORK BRANCH)	CATHUS6LNYC
411	CATHAY BANK	ROSEMEAD,CA		CATHUS6LXXX
412	CATHAY UNITED BANK, LOS ANGELES AGENCY DBA CUBT	LOS ANGELES,CA		UWCBUS6LXXX
413	CELGENE CORPORATION	SUMMIT,NJ		CELGUS3SXXX
414	CENTERSTATE BANK OF FLORIDA	WINTER HAVEN,FL		CSBKUS33XXX
415	CENTRAL PACIFIC BANK	HONOLULU,HI		CEPBUS77XXX
416	CENTRE ASSET MANAGEMENT, LLC	NEW YORK,NY		CESAUS33XXX
417	CERNER CORPORATION	KANSAS CITY,MO		CEOAUS44XXX
418	CHANG HWA COMMERCIAL BANK, LTD., LOS ANGELES BRANCH	LOS ANGELES,CA		CCBCUS6LXXX
419	CHANG HWA COMMERCIAL BANK, LTD., NEW YORK BRANCH	NEW YORK,NY		CCBCUS33XXX
420	CHARLES SCHWAB AND CO., INC.	SAN FRANCISCO,CA	(PFX)	CSCHUS6SPFX
421	CHARLES SCHWAB AND CO., INC.	SAN FRANCISCO,CA	(TREASURY)	CSCHUS6STRE
422	CHARLES SCHWAB AND CO., INC.	SAN FRANCISCO,CA	(WIRE TRANSFER SERVICES)	CSCHUS6SWTS
423	CHARLES SCHWAB AND CO., INC.	SAN FRANCISCO,CA		CSCHUS6SGLB
424	CHARLES SCHWAB AND CO., INC.	SAN FRANCISCO,CA		CSCHUS6SXXX
425	CHARLES SCHWAB GLOBAL SERVICES CORP.	SAN FRANCISCO,CA		CSFXUS6SXXX
426	CHEMICAL BANK	MIDLAND,MI		CHEMUS33XXX
427	CHICAGO MERCANTILE EXCHANGE	CHICAGO,IL		XCMEUS4CXXX
428	CHICAGO MERCANTILE EXCHANGE	CHICAGO,IL		XCMEUS4FXXX
429	CHINA CONSTRUCTION BANK NEW YORK BRANCH	NEW YORK,NY		PCBCUS33XXX
430	CHINA MERCHANTS BANK CO., LTD.	NEW YORK,NY		CMBCUS33XXX
431	CHINATRUST BANK (USA)	TORRANCE,CA		CTHCUS66XXX
432	CHINATRUST COMMERCIAL BANK	NEW YORK,NY		CTCBUS33XXX
433	CIBC WORLD MARKETS CORP.	NEW YORK,NY		OPCOUS33XXX
434	CISCO SYSTEMS INC	SAN JOSE,CA		CSCOUS66XXX
435	CITADEL INVESTMENT GROUP, L.L.C.	CHICAGO,IL	(ARG)	CITGUS44ARG
436	CITADEL INVESTMENT GROUP, L.L.C.	CHICAGO,IL	(ASA)	CITGUS44ASA
437	CITADEL INVESTMENT GROUP, L.L.C.	CHICAGO,IL	(ATA)	CITGUS44ATA
438	CITADEL INVESTMENT GROUP, L.L.C.	CHICAGO,IL	(BRANCH)	CITGUS44AAM
439	CITADEL INVESTMENT GROUP, L.L.C.	CHICAGO,IL	(BRANCH)	CITGUS44ACC
440	CITADEL INVESTMENT GROUP, L.L.C.	CHICAGO,IL	(BRANCH)	CITGUS44ACI
441	CITADEL INVESTMENT GROUP, L.L.C.	CHICAGO,IL	(BRANCH)	CITGUS44C2L
442	CITADEL INVESTMENT GROUP, L.L.C.	CHICAGO,IL	(BRANCH)	CITGUS44CAA
443	CITADEL INVESTMENT GROUP, L.L.C.	CHICAGO,IL	(BRANCH)	CITGUS44CAL
444	CITADEL INVESTMENT GROUP, L.L.C.	CHICAGO,IL	(BRANCH)	CITGUS44CAM
445	CITADEL INVESTMENT GROUP, L.L.C.	CHICAGO,IL	(BRANCH)	CITGUS44CCD
446	CITADEL INVESTMENT GROUP, L.L.C.	CHICAGO,IL	(BRANCH)	CITGUS44CCL
447	CITADEL INVESTMENT GROUP, L.L.C.	CHICAGO,IL	(BRANCH)	CITGUS44CCO
448	CITADEL INVESTMENT GROUP, L.L.C.	CHICAGO,IL	(BRANCH)	CITGUS44CD2
449	CITADEL INVESTMENT GROUP, L.L.C.	CHICAGO,IL	(BRANCH)	CITGUS44CD3
450	CITADEL INVESTMENT GROUP, L.L.C.	CHICAGO,IL	(BRANCH)	CITGUS44CDP
451	CITADEL INVESTMENT GROUP, L.L.C.	CHICAGO,IL	(BRANCH)	CITGUS44CDT
452	CITADEL INVESTMENT GROUP, L.L.C.	CHICAGO,IL	(BRANCH)	CITGUS44CES
453	CITADEL INVESTMENT GROUP, L.L.C.	CHICAGO,IL	(BRANCH)	CITGUS44CFB
454	CITADEL INVESTMENT GROUP, L.L.C.	CHICAGO,IL	(BRANCH)	CITGUS44CFC
455	CITADEL INVESTMENT GROUP, L.L.C.	CHICAGO,IL	(BRANCH)	CITGUS44CFD
456	CITADEL INVESTMENT GROUP, L.L.C.	CHICAGO,IL	(BRANCH)	CITGUS44CFL
457	CITADEL INVESTMENT GROUP, L.L.C.	CHICAGO,IL	(BRANCH)	CITGUS44CGA
458	CITADEL INVESTMENT GROUP, L.L.C.	CHICAGO,IL	(BRANCH)	CITGUS44CGM
459	CITADEL INVESTMENT GROUP, L.L.C.	CHICAGO,IL	(BRANCH)	CITGUS44CH1
460	CITADEL INVESTMENT GROUP, L.L.C.	CHICAGO,IL	(BRANCH)	CITGUS44CH2
461	CITADEL INVESTMENT GROUP, L.L.C.	CHICAGO,IL	(BRANCH)	CITGUS44CID
462	CITADEL INVESTMENT GROUP, L.L.C.	CHICAGO,IL	(BRANCH)	CITGUS44CTC
463	CITADEL INVESTMENT GROUP, L.L.C.	CHICAGO,IL	(BRANCH)	CITGUS44CTD
464	CITADEL INVESTMENT GROUP, L.L.C.	CHICAGO,IL	(BRANCH)	CITGUS44CTI
465	CITADEL INVESTMENT GROUP, L.L.C.	CHICAGO,IL	(BRANCH)	CITGUS44CTL
466	CITADEL INVESTMENT GROUP, L.L.C.	CHICAGO,IL	(BRANCH)	CITGUS44CTO
467	CITADEL INVESTMENT GROUP, L.L.C.	CHICAGO,IL	(BRANCH)	CITGUS44CXH
468	CITADEL INVESTMENT GROUP, L.L.C.	CHICAGO,IL	(BRANCH)	CITGUS44DFP
469	CITADEL INVESTMENT GROUP, L.L.C.	CHICAGO,IL	(BRANCH)	CITGUS44DFT
470	CITADEL INVESTMENT GROUP, L.L.C.	CHICAGO,IL	(BRANCH)	CITGUS44DXI
471	CITADEL INVESTMENT GROUP, L.L.C.	CHICAGO,IL	(BRANCH)	CITGUS44EHC
472	CITADEL INVESTMENT GROUP, L.L.C.	CHICAGO,IL	(BRANCH)	CITGUS44EIL
473	CITADEL INVESTMENT GROUP, L.L.C.	CHICAGO,IL	(BRANCH)	CITGUS44EVL
474	CITADEL INVESTMENT GROUP, L.L.C.	CHICAGO,IL	(BRANCH)	CITGUS44FDC
475	CITADEL INVESTMENT GROUP, L.L.C.	CHICAGO,IL	(BRANCH)	CITGUS44FDF
476	CITADEL INVESTMENT GROUP, L.L.C.	CHICAGO,IL	(BRANCH)	CITGUS44FDL
477	CITADEL INVESTMENT GROUP, L.L.C.	CHICAGO,IL	(BRANCH)	CITGUS44FIF
478	CITADEL INVESTMENT GROUP, L.L.C.	CHICAGO,IL	(BRANCH)	CITGUS44FLC
479	CITADEL INVESTMENT GROUP, L.L.C.	CHICAGO,IL	(BRANCH)	CITGUS44FOH
480	CITADEL INVESTMENT GROUP, L.L.C.	CHICAGO,IL	(BRANCH)	CITGUS44FSF
481	CITADEL INVESTMENT GROUP, L.L.C.	CHICAGO,IL	(BRANCH)	CITGUS44FSI
482	CITADEL INVESTMENT GROUP, L.L.C.	CHICAGO,IL	(BRANCH)	CITGUS44FSL
483	CITADEL INVESTMENT GROUP, L.L.C.	CHICAGO,IL	(BRANCH)	CITGUS44GLC
484	CITADEL INVESTMENT GROUP, L.L.C.	CHICAGO,IL	(BRANCH)	CITGUS44HLC
485	CITADEL INVESTMENT GROUP, L.L.C.	CHICAGO,IL	(BRANCH)	CITGUS44HLD
486	CITADEL INVESTMENT GROUP, L.L.C.	CHICAGO,IL	(BRANCH)	CITGUS44HLP
487	CITADEL INVESTMENT GROUP, L.L.C.	CHICAGO,IL	(BRANCH)	CITGUS44KFI
488	CITADEL INVESTMENT GROUP, L.L.C.	CHICAGO,IL	(BRANCH)	CITGUS44KGO
489	CITADEL INVESTMENT GROUP, L.L.C.	CHICAGO,IL	(BRANCH)	CITGUS44KGT
490	CITADEL INVESTMENT GROUP, L.L.C.	CHICAGO,IL	(BRANCH)	CITGUS44KXH
491	CITADEL INVESTMENT GROUP, L.L.C.	CHICAGO,IL	(BRANCH)	CITGUS44LPH
492	CITADEL INVESTMENT GROUP, L.L.C.	CHICAGO,IL	(BRANCH)	CITGUS44MDX
493	CITADEL INVESTMENT GROUP, L.L.C.	CHICAGO,IL	(BRANCH)	CITGUS44MFD
494	CITADEL INVESTMENT GROUP, L.L.C.	CHICAGO,IL	(BRANCH)	CITGUS44MMF
495	CITADEL INVESTMENT GROUP, L.L.C.	CHICAGO,IL	(BRANCH)	CITGUS44MOC
496	CITADEL INVESTMENT GROUP, L.L.C.	CHICAGO,IL	(BRANCH)	CITGUS44OFC
497	CITADEL INVESTMENT GROUP, L.L.C.	CHICAGO,IL	(BRANCH)	CITGUS44OFD
498	CITADEL INVESTMENT GROUP, L.L.C.	CHICAGO,IL	(BRANCH)	CITGUS44PPC
499	CITADEL INVESTMENT GROUP, L.L.C.	CHICAGO,IL	(BRANCH)	CITGUS44RI2
500	CITADEL INVESTMENT GROUP, L.L.C.	CHICAGO,IL	(BRANCH)	CITGUS44RLP