id,name,email,ip_address,credit_card
1,Bert Eshelby,beshelby0@t-online.de,13.84.33.231,3543951842051288
2,Wayne Jelk,wjelk1@miibeian.gov.cn,219.115.22.1,3574922401749937
3,Jeno Woodruff,jwoodruff2@scientificamerican.com,60.76.116.163,3588744702964559
4,Marisa Branton,mbranton3@msn.com,169.9.150.151,5100136211210919
5,Freddi Poulson,fpoulson4@4shared.com,67.21.14.81,3546839366604342
6,Salvidor Albisser,salbisser5@nytimes.com,115.132.181.60,30070464679569
7,Hendrick Roscoe,hroscoe6@oracle.com,249.5.68.202,4844606668197466
8,Eyde Red,ered7@weather.com,76.81.32.43,4844243347945493
9,Rosaleen Barnewille,rbarnewille8@japanpost.jp,179.92.92.173,3581105429760695
10,Ancell Glaze,aglaze9@yahoo.com,17.24.68.129,374283559375571
11,Candide Vittery,cvitterya@google.com.br,179.181.157.45,490367412749228000
12,Madeleine Dreelan,mdreelanb@oracle.com,69.99.241.6,30016706513462
13,Myra Thewys,mthewysc@fastcompany.com,60.179.191.191,3556439178971588
14,Haywood Wimmers,hwimmersd@de.vu,252.46.81.175,5602234747091979
15,Alysia Barrow,abarrowe@zdnet.com,43.44.97.49,30374073396296
16,Maurie Sewall,msewallf@people.com.cn,226.1.230.115,5002357008559685
17,Preston Wickes,pwickesg@telegraph.co.uk,47.224.107.181,30532864526393
18,Roland Grevile,rgrevileh@businesswire.com,114.100.137.146,3566257007492107
19,Codi Plaster,cplasteri@adobe.com,101.25.98.61,6394983450941313
20,Cara Forsythe,cforsythej@ucoz.com,189.41.208.75,3557878599831732
21,Mac Kachel,mkachelk@mac.com,180.155.212.193,3561787265778719
22,Ransom Melia,rmelial@businessweek.com,33.143.128.96,3578056310823826
23,Raymond Boorer,rboorerm@newsvine.com,245.62.215.2,3568570408301968
24,Kally Treversh,ktrevershn@dailymotion.com,92.243.172.82,5519703212569802
25,Rania Pailin,rpailino@lulu.com,231.231.124.129,30214205108823
26,Brant Gethouse,bgethousep@sitemeter.com,139.98.53.142,5602225776326708
27,Oralia Immings,oimmingsq@google.cn,34.93.57.186,3567678930912722
28,Alethea Rumble,arumbler@theglobeandmail.com,204.124.88.219,3546909950465606
29,Hasheem Polye,hpolyes@hubpages.com,82.75.97.204,3575505123064914
30,Ingmar Corten,icortent@epa.gov,30.168.150.95,5602216841757209
31,Carly Weddeburn - Scrimgeour,cweddeburnu@kickstarter.com,79.106.126.157,5602221990895859
32,Delcine Powdrill,dpowdrillv@go.com,99.131.85.39,5602231441938190
33,Ross Rosenzwig,rrosenzwigw@uiuc.edu,180.248.210.105,5509831886372542
34,Dina Trussell,dtrussellx@cdbaby.com,165.84.10.0,5599282580052793
35,Linn Yeatman,lyeatmany@ted.com,140.119.138.70,4000058584810
36,Faunie Morena,fmorenaz@stumbleupon.com,85.179.195.254,5592152382786350
37,Vassili Samsin,vsamsin10@stumbleupon.com,246.206.192.208,5007668252632944
38,Calida Arlow,carlow11@blinklist.com,109.88.110.37,3531385464288148
39,Witty Ainge,wainge12@studiopress.com,239.89.118.179,3543951373562912622
40,Berta Ibanez,bibanez13@dmoz.org,75.127.73.158,3560064230595664
41,Zuzana Ranger,zranger14@live.com,161.34.216.246,3538811658889170
42,Tobias Carnilian,tcarnilian15@nydailynews.com,64.8.32.73,3533625887150633
43,Norbie Blizard,nblizard16@smugmug.com,252.134.250.39,3530441476771851
44,Farr Arman,farman17@businessinsider.com,74.26.118.37,5108755941499401
45,Mateo Fortman,mfortman18@diigo.com,207.178.17.66,30095209697196
46,Betti Hanshawe,bhanshawe19@google.com.au,199.135.202.205,5204929087551431
47,Shanan Geraldini,sgeraldini1a@opera.com,110.83.63.94,3540814144526782
48,Mignon Lindstrom,mlindstrom1b@earthlink.net,1.20.212.19,30437835906163
49,Oliviero Corneliussen,ocorneliussen1c@bizjournals.com,37.82.255.97,3576832638096226
50,Salli Struan,sstruan1d@earthlink.net,145.57.198.141,6011505310243430828
51,Timmy Hordle,thordle1e@msu.edu,205.176.102.69,3544560399598341
52,Yves Liversidge,yliversidge1f@shareasale.com,184.97.27.140,3546957114109818
53,Yolane Ades,yades1g@dropbox.com,145.194.231.214,6011804003397303
54,Noak McKinstry,nmckinstry1h@google.com.hk,161.78.116.84,3569430543026971
55,Stanislaus Thornebarrow,sthornebarrow1i@fc2.com,17.152.50.32,6011580620455944
56,Channa Churm,cchurm1j@yelp.com,112.201.0.243,3587634828714783
57,Dagmar Langlais,dlanglais1k@scientificamerican.com,233.38.94.238,5602225841780750000
58,Aurel Orrum,aorrum1l@yahoo.com,154.170.150.63,3559539191115951
59,Lindsey Coonan,lcoonan1m@walmart.com,113.76.78.146,377531795166908
60,Madison Hampton,mhampton1n@un.org,17.220.4.5,4508827839421323
61,Ahmed Larwell,alarwell1o@plala.or.jp,0.88.19.252,3561696284277688
62,Hulda Heijne,hheijne1p@dropbox.com,61.98.91.6,4041376439220
63,Aurthur Goodbody,agoodbody1q@fema.gov,138.69.236.222,3567617915491344
64,Audrey Munehay,amunehay1r@wordpress.org,89.120.117.124,30398790751087
65,Dyna Ashcroft,dashcroft1s@biglobe.ne.jp,157.83.131.243,5893255220888209
66,Veronike Sivyour,vsivyour1t@apple.com,82.29.20.50,3568793513505196
67,Esra Ridgers,eridgers1u@indiegogo.com,216.30.32.77,3545853011107503
68,Dave Haywood,dhaywood1v@vimeo.com,129.130.117.126,3550833949883450
69,Marleah Laver,mlaver1w@adobe.com,26.144.41.157,3569727038487620
70,Stanford Heppenspall,sheppenspall1x@merriam-webster.com,123.57.187.16,3558551319875383
71,Anjanette Harrhy,aharrhy1y@g.co,130.208.74.120,6706714385249214
72,Nestor Hardage,nhardage1z@cbc.ca,188.75.31.35,6759647222894022
73,Tate Hockell,thockell20@g.co,119.41.122.225,3534760877833341
74,Kaycee Labram,klabram21@pbs.org,76.72.179.149,3569493073331245
75,Clari Crabb,ccrabb22@nsw.gov.au,130.33.217.223,3541604727858069
76,Barclay Ashburne,bashburne23@opensource.org,172.112.184.117,3547495323809588
77,Levy Meachem,lmeachem24@google.com,97.107.133.51,3587247810769887
78,Lukas Whitney,lwhitney25@squarespace.com,97.27.137.139,378708027474446
79,Lin Mahaddie,lmahaddie26@yale.edu,90.96.172.188,378679583955823
80,Seymour Lesper,slesper27@walmart.com,60.34.209.77,5523449011456098
81,Heda Checcuzzi,hcheccuzzi28@sciencedaily.com,113.64.230.20,3573252898758394
82,Conn McCaskill,cmccaskill29@wisc.edu,75.101.210.123,3539557607474411
83,Codee Dellar,cdellar2a@ucoz.com,167.226.254.91,4026243580988804
84,Gay Brinsden,gbrinsden2b@phoca.cz,31.34.88.101,3566419418910172
85,Brice Rodgman,brodgman2c@123-reg.co.uk,163.252.95.114,373905315871177
86,Selle MacKeeg,smackeeg2d@artisteer.com,162.36.79.215,4804469348834
87,Fairlie Kleinplac,fkleinplac2e@foxnews.com,77.243.76.155,4844548632394615
88,Dorotea Butterley,dbutterley2f@canalblog.com,6.185.176.235,5284827679016297
89,Irv McGeachey,imcgeachey2g@paypal.com,244.61.14.70,5589293635321135
90,Lanny Bourdas,lbourdas2h@istockphoto.com,234.10.9.161,6762024661073762
91,Alleyn Bottrill,abottrill2i@hostgator.com,116.3.191.92,5020191980705216
92,Matthias Bakster,mbakster2j@a8.net,172.14.56.223,374283382877710
93,Ravid Kenwell,rkenwell2k@accuweather.com,138.127.215.188,4017951880547929
94,Brady Hedman,bhedman2l@whitehouse.gov,54.140.212.33,4905058384442360
95,Dru Rawcliffe,drawcliffe2m@bandcamp.com,221.214.157.162,3543935181617536
96,Ranice Pigeon,rpigeon2n@lulu.com,229.32.222.248,5602259879943549
97,Boniface Gallgher,bgallgher2o@tuttocitta.it,166.187.58.185,3556874590705513
98,Margy Roomes,mroomes2p@instagram.com,93.24.151.42,3543343395780770
99,Hal Aldus,haldus2q@t-online.de,227.97.137.32,5434683213883695
100,Everard Mulqueeny,emulqueeny2r@mlb.com,233.111.221.225,5419464860569732
